PedidoID,fecha_venta,ClienteID,TerritorioID,venta_online,moneda_pago
43659,2020-02-20,19825,5,0,NULL
43660,2020-02-20,19672,5,0,NULL
43661,2020-02-20,19734,6,0,"Canadian Dollar"
43662,2020-02-20,19994,6,0,"Canadian Dollar"
43663,2020-02-20,19565,4,0,NULL
43664,2020-02-20,19898,1,0,NULL
43665,2020-02-20,19580,1,0,NULL
43666,2020-02-20,20052,4,0,NULL
43667,2020-02-20,19974,3,0,NULL
43668,2020-02-20,19614,6,0,"Canadian Dollar"
43669,2020-02-20,19747,1,0,NULL
43670,2020-02-20,19566,3,0,NULL
43671,2020-02-20,19890,1,0,NULL
43672,2020-02-20,20067,6,0,"Canadian Dollar"
43673,2020-02-20,19844,2,0,NULL
43674,2020-02-20,19596,6,0,"Canadian Dollar"
43675,2020-02-20,19827,3,0,NULL
43676,2020-02-20,19811,5,0,NULL
43677,2020-02-20,19824,6,0,"Canadian Dollar"
43678,2020-02-20,19889,4,0,NULL
43679,2020-02-20,19761,6,0,"Canadian Dollar"
43680,2020-02-20,19489,4,0,NULL
43681,2020-02-20,19661,5,0,NULL
43682,2020-02-20,19759,2,0,NULL
43683,2020-02-20,19497,1,0,NULL
43684,2020-02-20,19912,5,0,NULL
43685,2020-02-20,20084,5,0,NULL
43686,2020-02-20,19606,1,0,NULL
43687,2020-02-20,19610,2,0,NULL
43688,2020-02-20,19718,2,0,NULL
43689,2020-02-20,19646,4,0,NULL
43690,2020-02-20,19533,3,0,NULL
43691,2020-02-20,19570,4,0,NULL
43692,2020-02-20,19992,4,0,NULL
43693,2020-02-20,19491,5,0,NULL
43694,2020-02-20,19549,5,0,NULL
43695,2020-02-20,19958,5,0,NULL
43696,2020-02-20,19849,5,0,NULL
43697,2020-02-20,21768,6,1,"Canadian Dollar"
43698,2020-02-20,28389,7,1,"French Franc"
43699,2020-02-20,25863,1,1,NULL
43700,2020-02-20,14501,4,1,NULL
43701,2020-02-20,11003,9,1,"Australian Dollar"
43702,2020-02-21,27645,4,1,NULL
43703,2020-02-21,16624,9,1,"Australian Dollar"
43704,2020-02-21,11005,9,1,"Australian Dollar"
43705,2020-02-21,11011,9,1,"Australian Dollar"
43706,2020-02-22,27621,4,1,NULL
43707,2020-02-22,27616,4,1,NULL
43708,2020-02-22,20042,10,1,"United Kingdom Pound"
43709,2020-02-22,16351,9,1,"Australian Dollar"
43710,2020-02-22,16517,9,1,"Australian Dollar"
43711,2020-02-23,27606,1,1,NULL
43712,2020-02-23,13513,8,1,"Deutsche Mark"
43713,2020-02-24,27601,4,1,NULL
43714,2020-02-24,13591,10,1,"United Kingdom Pound"
43715,2020-02-24,16483,9,1,"Australian Dollar"
43716,2020-02-24,16529,9,1,"Australian Dollar"
43717,2020-02-24,25249,9,1,"Australian Dollar"
43718,2020-02-25,27668,1,1,NULL
43719,2020-02-25,27612,4,1,NULL
43720,2020-02-25,13264,8,1,"Deutsche Mark"
43721,2020-02-25,13590,10,1,"United Kingdom Pound"
43722,2020-02-26,13581,10,1,"United Kingdom Pound"
43723,2020-02-26,14520,1,1,NULL
43724,2020-02-26,16520,9,1,"Australian Dollar"
43725,2020-02-27,13258,8,1,"Deutsche Mark"
43726,2020-02-27,14560,4,1,NULL
43727,2020-02-27,16607,9,1,"Australian Dollar"
43728,2020-02-28,27666,4,1,NULL
43729,2020-02-28,11238,10,1,"United Kingdom Pound"
43730,2020-02-28,25861,4,1,NULL
43731,2020-02-28,16629,9,1,"Australian Dollar"
43732,2020-02-28,11025,9,1,"Australian Dollar"
43733,2020-02-28,27577,1,1,NULL
43734,2020-02-29,27604,1,1,NULL
43735,2020-02-29,16522,9,1,"Australian Dollar"
43736,2020-02-29,11002,9,1,"Australian Dollar"
43737,2020-03-01,13261,8,1,"Deutsche Mark"
43738,2020-03-01,11606,7,1,"French Franc"
43739,2020-03-01,13563,10,1,"United Kingdom Pound"
43740,2020-03-01,16527,9,1,"Australian Dollar"
43741,2020-03-02,27671,1,1,NULL
43742,2020-03-02,13576,10,1,"United Kingdom Pound"
43743,2020-03-02,11007,9,1,"Australian Dollar"
43744,2020-03-02,16631,9,1,"Australian Dollar"
43745,2020-03-03,16514,9,1,"Australian Dollar"
43746,2020-03-03,16616,9,1,"Australian Dollar"
43747,2020-03-04,27623,4,1,NULL
43748,2020-03-04,27625,1,1,NULL
43749,2020-03-04,27636,1,1,NULL
43750,2020-03-04,11591,7,1,"French Franc"
43751,2020-03-04,11592,7,1,"French Franc"
43752,2020-03-04,13265,8,1,"Deutsche Mark"
43753,2020-03-04,16482,9,1,"Australian Dollar"
43754,2020-03-05,27617,1,1,NULL
43755,2020-03-05,27670,4,1,NULL
43756,2020-03-05,19941,10,1,"United Kingdom Pound"
43757,2020-03-05,11017,9,1,"Australian Dollar"
43758,2020-03-06,27646,4,1,NULL
43759,2020-03-06,13257,8,1,"Deutsche Mark"
43760,2020-03-06,16352,9,1,"Australian Dollar"
43761,2020-03-06,16493,9,1,"Australian Dollar"
43762,2020-03-07,27578,4,1,NULL
43763,2020-03-07,16525,9,1,"Australian Dollar"
43764,2020-03-07,16612,9,1,"Australian Dollar"
43765,2020-03-07,11010,9,1,"Australian Dollar"
43766,2020-03-08,16518,9,1,"Australian Dollar"
43767,2020-03-08,11001,9,1,"Australian Dollar"
43768,2020-03-09,27649,1,1,NULL
43769,2020-03-09,21659,6,1,"Canadian Dollar"
43770,2020-03-09,27614,1,1,NULL
43771,2020-03-09,14559,4,1,NULL
43772,2020-03-09,16524,9,1,"Australian Dollar"
43773,2020-03-09,16526,9,1,"Australian Dollar"
43774,2020-03-09,16348,9,1,"Australian Dollar"
43775,2020-03-09,11027,9,1,"Australian Dollar"
43776,2020-03-10,13260,8,1,"Deutsche Mark"
43777,2020-03-10,16515,9,1,"Australian Dollar"
43778,2020-03-10,11018,9,1,"Australian Dollar"
43779,2020-03-10,25252,9,1,"Australian Dollar"
43780,2020-03-11,11599,7,1,"French Franc"
43781,2020-03-11,16495,9,1,"Australian Dollar"
43782,2020-03-11,16516,9,1,"Australian Dollar"
43783,2020-03-11,16620,9,1,"Australian Dollar"
43784,2020-03-12,27667,4,1,NULL
43785,2020-03-12,11601,7,1,"French Franc"
43786,2020-03-12,11607,7,1,"French Franc"
43787,2020-03-12,29385,8,1,"Deutsche Mark"
43788,2020-03-12,11239,10,1,"United Kingdom Pound"
43789,2020-03-12,25865,1,1,NULL
43790,2020-03-12,25857,1,1,NULL
43791,2020-03-12,16484,9,1,"Australian Dollar"
43792,2020-03-12,16623,9,1,"Australian Dollar"
43793,2020-03-12,11000,9,1,"Australian Dollar"
43794,2020-03-12,11029,9,1,"Australian Dollar"
43795,2020-03-13,27615,4,1,NULL
43796,2020-03-13,17956,7,1,"French Franc"
43797,2020-03-13,16345,9,1,"Australian Dollar"
43798,2020-03-13,16521,9,1,"Australian Dollar"
43799,2020-03-13,16636,9,1,"Australian Dollar"
43800,2020-03-14,21710,6,1,"Canadian Dollar"
43801,2020-03-14,13583,10,1,"United Kingdom Pound"
43802,2020-03-14,11593,7,1,"French Franc"
43803,2020-03-15,21741,6,1,"Canadian Dollar"
43804,2020-03-15,13585,10,1,"United Kingdom Pound"
43805,2020-03-15,14510,1,1,NULL
43806,2020-03-15,16523,9,1,"Australian Dollar"
43807,2020-03-16,11611,7,1,"French Franc"
43808,2020-03-16,13259,8,1,"Deutsche Mark"
43809,2020-03-16,16350,9,1,"Australian Dollar"
43810,2020-03-16,11004,9,1,"Australian Dollar"
43811,2020-03-16,11026,9,1,"Australian Dollar"
43812,2020-03-17,27662,4,1,NULL
43813,2020-03-17,28390,7,1,"French Franc"
43814,2020-03-17,25866,1,1,NULL
43815,2020-03-17,16494,9,1,"Australian Dollar"
43816,2020-03-17,16496,9,1,"Australian Dollar"
43817,2020-03-17,16519,9,1,"Australian Dollar"
43818,2020-03-17,16528,9,1,"Australian Dollar"
43819,2020-03-17,11006,9,1,"Australian Dollar"
43820,2020-03-18,27651,4,1,NULL
43821,2020-03-18,27663,4,1,NULL
43822,2020-03-18,27669,4,1,NULL
43823,2020-03-18,19942,10,1,"United Kingdom Pound"
43824,2020-03-18,14558,1,1,NULL
43825,2020-03-18,16349,9,1,"Australian Dollar"
43826,2020-03-18,11008,9,1,"Australian Dollar"
43827,2020-03-18,25250,9,1,"Australian Dollar"
43828,2020-03-19,27605,1,1,NULL
43829,2020-03-19,27611,4,1,NULL
43830,2020-03-19,16347,9,1,"Australian Dollar"
43831,2020-03-19,11028,9,1,"Australian Dollar"
43832,2020-03-19,13584,10,1,"United Kingdom Pound"
43833,2020-03-20,21727,6,1,"Canadian Dollar"
43834,2020-03-20,28393,7,1,"French Franc"
43835,2020-03-20,19802,6,1,"Canadian Dollar"
43836,2020-03-20,26620,6,1,"Canadian Dollar"
43837,2020-03-20,11009,9,1,"Australian Dollar"
43838,2020-03-21,27641,4,1,NULL
43839,2020-03-21,27673,1,1,NULL
43840,2020-03-21,17957,7,1,"French Franc"
43841,2020-03-21,13406,8,1,"Deutsche Mark"
43842,2020-03-21,16630,9,1,"Australian Dollar"
43843,2020-03-22,19955,3,0,NULL
43844,2020-03-22,19620,6,0,"Canadian Dollar"
43845,2020-03-22,19888,5,0,NULL
43846,2020-03-22,19548,6,0,"Canadian Dollar"
43847,2020-03-22,19539,6,0,"Canadian Dollar"
43848,2020-03-22,19717,1,0,NULL
43849,2020-03-22,19818,1,0,NULL
43850,2020-03-22,19892,6,0,"Canadian Dollar"
43851,2020-03-22,19509,2,0,NULL
43852,2020-03-22,19855,6,0,"Canadian Dollar"
43853,2020-03-22,19813,6,0,"Canadian Dollar"
43854,2020-03-22,19988,6,0,"Canadian Dollar"
43855,2020-03-22,19946,6,0,"Canadian Dollar"
43856,2020-03-22,19680,6,0,"Canadian Dollar"
43857,2020-03-22,20074,6,0,"Canadian Dollar"
43858,2020-03-22,19961,2,0,NULL
43859,2020-03-22,19865,4,0,NULL
43860,2020-03-22,19773,1,0,NULL
43861,2020-03-22,19749,5,0,NULL
43862,2020-03-22,19945,5,0,NULL
43863,2020-03-22,19764,4,0,NULL
43864,2020-03-22,20056,4,0,NULL
43865,2020-03-22,20117,4,0,NULL
43866,2020-03-22,19571,1,0,NULL
43867,2020-03-22,19582,1,0,NULL
43868,2020-03-22,20042,6,0,"Canadian Dollar"
43869,2020-03-22,20107,1,0,NULL
43870,2020-03-22,19675,2,0,NULL
43871,2020-03-22,20076,3,0,NULL
43872,2020-03-22,20100,4,0,NULL
43873,2020-03-22,19703,4,0,NULL
43874,2020-03-22,19569,3,0,NULL
43875,2020-03-22,19624,5,0,NULL
43876,2020-03-22,20091,2,0,NULL
43877,2020-03-22,19925,1,0,NULL
43878,2020-03-22,19664,2,0,NULL
43879,2020-03-22,19510,6,0,"Canadian Dollar"
43880,2020-03-22,19789,6,0,"Canadian Dollar"
43881,2020-03-22,20111,3,0,NULL
43882,2020-03-22,19558,6,0,"Canadian Dollar"
43883,2020-03-22,19724,2,0,NULL
43884,2020-03-22,19861,3,0,NULL
43885,2020-03-22,19757,4,0,NULL
43886,2020-03-22,19698,6,0,"Canadian Dollar"
43887,2020-03-22,19493,5,0,NULL
43888,2020-03-22,19794,6,0,"Canadian Dollar"
43889,2020-03-22,19830,6,0,"Canadian Dollar"
43890,2020-03-22,19515,6,0,"Canadian Dollar"
43891,2020-03-22,19807,6,0,"Canadian Dollar"
43892,2020-03-22,19716,4,0,NULL
43893,2020-03-22,19905,6,0,"Canadian Dollar"
43894,2020-03-22,20004,1,0,NULL
43895,2020-03-22,19742,1,0,NULL
43896,2020-03-22,19866,4,0,NULL
43897,2020-03-22,19522,4,0,NULL
43898,2020-03-22,19705,6,0,"Canadian Dollar"
43899,2020-03-22,19906,3,0,NULL
43900,2020-03-22,19880,5,0,NULL
43901,2020-03-22,19901,4,0,NULL
43902,2020-03-22,19507,5,0,NULL
43903,2020-03-22,19968,5,0,NULL
43904,2020-03-22,20095,4,0,NULL
43905,2020-03-22,19846,5,0,NULL
43906,2020-03-22,19523,4,0,NULL
43907,2020-03-22,19791,2,0,NULL
43908,2020-03-22,19731,2,0,NULL
43909,2020-03-22,19787,1,0,NULL
43910,2020-03-22,19963,5,0,NULL
43911,2020-03-22,19617,1,0,NULL
43912,2020-03-22,19853,4,0,NULL
43913,2020-03-22,19774,4,0,NULL
43914,2020-03-22,19521,1,0,NULL
43915,2020-03-22,19688,3,0,NULL
43916,2020-03-22,19511,3,0,NULL
43917,2020-03-22,19885,1,0,NULL
43918,2020-03-22,22041,6,1,"Canadian Dollar"
43919,2020-03-22,12124,7,1,"French Franc"
43920,2020-03-22,28066,4,1,NULL
43921,2020-03-22,16743,9,1,"Australian Dollar"
43922,2020-03-22,13546,8,1,"Deutsche Mark"
43923,2020-03-23,28018,4,1,NULL
43924,2020-03-23,12132,7,1,"French Franc"
43925,2020-03-23,16661,9,1,"Australian Dollar"
43926,2020-03-24,11055,9,1,"Australian Dollar"
43927,2020-03-24,16662,9,1,"Australian Dollar"
43928,2020-03-24,16740,9,1,"Australian Dollar"
43929,2020-03-24,25270,9,1,"Australian Dollar"
43930,2020-03-25,28038,4,1,NULL
43931,2020-03-25,13548,8,1,"Deutsche Mark"
43932,2020-03-25,16741,9,1,"Australian Dollar"
43933,2020-03-25,11031,9,1,"Australian Dollar"
43934,2020-03-25,11034,9,1,"Australian Dollar"
43935,2020-03-26,20048,10,1,"United Kingdom Pound"
43936,2020-03-26,28065,4,1,NULL
43937,2020-03-26,17047,9,1,"Australian Dollar"
43938,2020-03-26,16686,9,1,"Australian Dollar"
43939,2020-03-26,16659,9,1,"Australian Dollar"
43940,2020-03-26,25294,9,1,"Australian Dollar"
43941,2020-03-27,13600,10,1,"United Kingdom Pound"
43942,2020-03-27,17051,9,1,"Australian Dollar"
43943,2020-03-27,14565,4,1,NULL
43944,2020-03-27,11054,9,1,"Australian Dollar"
43945,2020-03-27,16675,9,1,"Australian Dollar"
43946,2020-03-27,16687,9,1,"Australian Dollar"
43947,2020-03-27,16712,9,1,"Australian Dollar"
43948,2020-03-27,11047,9,1,"Australian Dollar"
43949,2020-03-28,27726,4,1,NULL
43950,2020-03-28,28014,4,1,NULL
43951,2020-03-28,16696,9,1,"Australian Dollar"
43952,2020-03-28,16639,9,1,"Australian Dollar"
43953,2020-03-29,20049,10,1,"United Kingdom Pound"
43954,2020-03-29,13602,10,1,"United Kingdom Pound"
43955,2020-03-29,13661,10,1,"United Kingdom Pound"
43956,2020-03-29,11030,9,1,"Australian Dollar"
43957,2020-03-30,28068,4,1,NULL
43958,2020-03-30,16658,9,1,"Australian Dollar"
43959,2020-03-30,11035,9,1,"Australian Dollar"
43960,2020-03-30,11046,9,1,"Australian Dollar"
43961,2020-03-31,28031,4,1,NULL
43962,2020-03-31,28076,4,1,NULL
43963,2020-03-31,16685,9,1,"Australian Dollar"
43964,2020-03-31,16745,9,1,"Australian Dollar"
43965,2020-03-31,11038,9,1,"Australian Dollar"
43966,2020-03-31,11039,9,1,"Australian Dollar"
43967,2020-04-01,28040,1,1,NULL
43968,2020-04-01,28067,4,1,NULL
43969,2020-04-01,28071,4,1,NULL
43970,2020-04-01,16684,9,1,"Australian Dollar"
43971,2020-04-01,16657,9,1,"Australian Dollar"
43972,2020-04-02,21939,6,1,"Canadian Dollar"
43973,2020-04-02,28039,4,1,NULL
43974,2020-04-02,13687,10,1,"United Kingdom Pound"
43975,2020-04-02,13540,8,1,"Deutsche Mark"
43976,2020-04-02,28063,4,1,NULL
43977,2020-04-02,16703,9,1,"Australian Dollar"
43978,2020-04-03,28030,1,1,NULL
43979,2020-04-03,14576,1,1,NULL
43980,2020-04-03,11048,9,1,"Australian Dollar"
43981,2020-04-03,16664,9,1,"Australian Dollar"
43982,2020-04-03,25271,9,1,"Australian Dollar"
43983,2020-04-04,28017,1,1,NULL
43984,2020-04-04,13545,8,1,"Deutsche Mark"
43985,2020-04-04,13515,8,1,"Deutsche Mark"
43986,2020-04-04,28070,4,1,NULL
43987,2020-04-05,28042,4,1,NULL
43988,2020-04-05,11244,10,1,"United Kingdom Pound"
43989,2020-04-05,28083,4,1,NULL
43990,2020-04-05,25872,1,1,NULL
43991,2020-04-05,16660,9,1,"Australian Dollar"
43992,2020-04-05,16638,9,1,"Australian Dollar"
43993,2020-04-07,16929,9,1,"Australian Dollar"
43994,2020-04-08,27681,4,1,NULL
43995,2020-04-08,21813,6,1,"Canadian Dollar"
43996,2020-04-08,27920,4,1,NULL
43997,2020-04-08,28022,4,1,NULL
43998,2020-04-08,11033,9,1,"Australian Dollar"
43999,2020-04-08,28047,1,1,NULL
44000,2020-04-09,27918,4,1,NULL
44001,2020-04-09,28044,4,1,NULL
44002,2020-04-09,14572,4,1,NULL
44003,2020-04-09,19325,8,1,"Deutsche Mark"
44004,2020-04-09,28061,4,1,NULL
44005,2020-04-09,26629,6,1,"Canadian Dollar"
44006,2020-04-09,16744,9,1,"Australian Dollar"
44007,2020-04-09,25555,9,1,"Australian Dollar"
44008,2020-04-10,27678,1,1,NULL
44009,2020-04-10,27759,1,1,NULL
44010,2020-04-10,13680,10,1,"United Kingdom Pound"
44011,2020-04-10,13514,8,1,"Deutsche Mark"
44012,2020-04-10,11052,9,1,"Australian Dollar"
44013,2020-04-10,16928,9,1,"Australian Dollar"
44014,2020-04-11,27917,4,1,NULL
44015,2020-04-11,13693,10,1,"United Kingdom Pound"
44016,2020-04-11,11247,10,1,"United Kingdom Pound"
44017,2020-04-11,28078,1,1,NULL
44018,2020-04-11,25876,1,1,NULL
44019,2020-04-11,16701,9,1,"Australian Dollar"
44020,2020-04-11,16931,9,1,"Australian Dollar"
44021,2020-04-11,11032,9,1,"Australian Dollar"
44022,2020-04-12,22008,6,1,"Canadian Dollar"
44023,2020-04-12,19830,6,1,"Canadian Dollar"
44024,2020-04-12,16663,9,1,"Australian Dollar"
44025,2020-04-12,16708,9,1,"Australian Dollar"
44026,2020-04-12,17045,9,1,"Australian Dollar"
44027,2020-04-13,21921,6,1,"Canadian Dollar"
44028,2020-04-13,17048,9,1,"Australian Dollar"
44029,2020-04-13,11050,9,1,"Australian Dollar"
44030,2020-04-14,12131,7,1,"French Franc"
44031,2020-04-14,13689,10,1,"United Kingdom Pound"
44032,2020-04-14,11243,10,1,"United Kingdom Pound"
44033,2020-04-14,16693,9,1,"Australian Dollar"
44034,2020-04-14,16702,9,1,"Australian Dollar"
44035,2020-04-14,16707,9,1,"Australian Dollar"
44036,2020-04-14,17046,9,1,"Australian Dollar"
44037,2020-04-14,25272,9,1,"Australian Dollar"
44038,2020-04-14,25868,4,1,NULL
44039,2020-04-15,17971,7,1,"French Franc"
44040,2020-04-15,11057,9,1,"Australian Dollar"
44041,2020-04-15,16742,9,1,"Australian Dollar"
44042,2020-04-16,13678,10,1,"United Kingdom Pound"
44043,2020-04-16,13679,10,1,"United Kingdom Pound"
44044,2020-04-16,13690,10,1,"United Kingdom Pound"
44045,2020-04-16,28394,7,1,"French Franc"
44046,2020-04-16,28064,1,1,NULL
44047,2020-04-16,25878,4,1,NULL
44048,2020-04-16,16713,9,1,"Australian Dollar"
44049,2020-04-17,13538,8,1,"Deutsche Mark"
44050,2020-04-17,17050,9,1,"Australian Dollar"
44051,2020-04-18,13691,10,1,"United Kingdom Pound"
44052,2020-04-18,16637,9,1,"Australian Dollar"
44053,2020-04-19,19329,8,1,"Deutsche Mark"
44054,2020-04-19,13542,8,1,"Deutsche Mark"
44055,2020-04-19,13543,8,1,"Deutsche Mark"
44056,2020-04-19,13559,8,1,"Deutsche Mark"
44057,2020-04-19,14577,1,1,NULL
44058,2020-04-19,11056,9,1,"Australian Dollar"
44059,2020-04-19,16688,9,1,"Australian Dollar"
44060,2020-04-19,25273,9,1,"Australian Dollar"
44061,2020-04-20,27919,1,1,NULL
44062,2020-04-20,28041,1,1,NULL
44063,2020-04-20,11240,10,1,"United Kingdom Pound"
44064,2020-04-20,22050,6,1,"Canadian Dollar"
44065,2020-04-20,28062,4,1,NULL
44066,2020-04-20,25867,4,1,NULL
44067,2020-04-20,17049,9,1,"Australian Dollar"
44068,2020-04-21,13541,8,1,"Deutsche Mark"
44069,2020-04-21,28395,7,1,"French Franc"
44070,2020-04-21,19829,6,1,"Canadian Dollar"
44071,2020-04-21,16691,9,1,"Australian Dollar"
44072,2020-04-21,16656,9,1,"Australian Dollar"
44073,2020-04-21,11044,9,1,"Australian Dollar"
44074,2020-04-22,19592,2,0,NULL
44075,2020-04-22,19632,1,0,NULL
44076,2020-04-22,20003,3,0,NULL
44077,2020-04-22,19714,6,0,"Canadian Dollar"
44078,2020-04-22,19622,1,0,NULL
44079,2020-04-22,19967,3,0,NULL
44080,2020-04-22,19733,4,0,NULL
44081,2020-04-22,19950,6,0,"Canadian Dollar"
44082,2020-04-22,19803,6,0,"Canadian Dollar"
44083,2020-04-22,19969,6,0,"Canadian Dollar"
44084,2020-04-22,19494,6,0,"Canadian Dollar"
44085,2020-04-22,19639,6,0,"Canadian Dollar"
44086,2020-04-22,19722,6,0,"Canadian Dollar"
44087,2020-04-22,19944,4,0,NULL
44088,2020-04-22,19842,4,0,NULL
44089,2020-04-22,19673,4,0,NULL
44090,2020-04-22,19659,4,0,NULL
44091,2020-04-22,19914,4,0,NULL
44092,2020-04-22,20090,4,0,NULL
44093,2020-04-22,19708,4,0,NULL
44094,2020-04-22,19711,6,0,"Canadian Dollar"
44095,2020-04-22,19748,4,0,NULL
44096,2020-04-22,19655,3,0,NULL
44097,2020-04-22,19651,3,0,NULL
44098,2020-04-22,19504,5,0,NULL
44099,2020-04-22,19897,4,0,NULL
44100,2020-04-22,19690,1,0,NULL
44101,2020-04-22,19721,5,0,NULL
44102,2020-04-22,19681,5,0,NULL
44103,2020-04-22,19577,6,0,"Canadian Dollar"
44104,2020-04-22,19755,6,0,"Canadian Dollar"
44105,2020-04-22,19769,3,0,NULL
44106,2020-04-22,20068,5,0,NULL
44107,2020-04-22,20106,4,0,NULL
44108,2020-04-22,19686,4,0,NULL
44109,2020-04-22,19921,1,0,NULL
44110,2020-04-22,19486,3,0,NULL
44111,2020-04-22,19740,6,0,"Canadian Dollar"
44112,2020-04-22,19649,6,0,"Canadian Dollar"
44113,2020-04-22,19938,4,0,NULL
44114,2020-04-22,19746,2,0,NULL
44115,2020-04-22,19525,4,0,NULL
44116,2020-04-22,19685,5,0,NULL
44117,2020-04-22,19581,2,0,NULL
44118,2020-04-22,19883,3,0,NULL
44119,2020-04-22,19834,4,0,NULL
44120,2020-04-22,19702,4,0,NULL
44121,2020-04-22,19710,1,0,NULL
44122,2020-04-22,19518,5,0,NULL
44123,2020-04-22,19498,2,0,NULL
44124,2020-04-22,19637,4,0,NULL
44125,2020-04-22,19872,3,0,NULL
44126,2020-04-22,19810,1,0,NULL
44127,2020-04-22,19562,4,0,NULL
44128,2020-04-22,20088,5,0,NULL
44129,2020-04-22,19966,2,0,NULL
44130,2020-04-22,19642,5,0,NULL
44131,2020-04-22,19487,2,0,NULL
44132,2020-04-22,19484,5,0,NULL
44133,2020-04-22,19715,5,0,NULL
44134,2020-04-22,13821,10,1,"United Kingdom Pound"
44135,2020-04-22,28156,4,1,NULL
44136,2020-04-22,22114,6,1,"Canadian Dollar"
44137,2020-04-22,17328,9,1,"Australian Dollar"
44138,2020-04-23,13765,10,1,"United Kingdom Pound"
44139,2020-04-23,13792,10,1,"United Kingdom Pound"
44140,2020-04-23,12221,7,1,"French Franc"
44141,2020-04-23,13572,8,1,"Deutsche Mark"
44142,2020-04-23,22058,6,1,"Canadian Dollar"
44143,2020-04-23,28145,4,1,NULL
44144,2020-04-23,17071,9,1,"Australian Dollar"
44145,2020-04-23,17309,9,1,"Australian Dollar"
44146,2020-04-23,17310,9,1,"Australian Dollar"
44147,2020-04-23,17320,9,1,"Australian Dollar"
44148,2020-04-24,28172,4,1,NULL
44149,2020-04-24,17242,9,1,"Australian Dollar"
44150,2020-04-24,17315,9,1,"Australian Dollar"
44151,2020-04-24,25558,9,1,"Australian Dollar"
44152,2020-04-25,11334,10,1,"United Kingdom Pound"
44153,2020-04-25,28168,4,1,NULL
44154,2020-04-25,28181,1,1,NULL
44155,2020-04-25,28131,4,1,NULL
44156,2020-04-25,25887,1,1,NULL
44157,2020-04-25,17055,9,1,"Australian Dollar"
44158,2020-04-26,13567,8,1,"Deutsche Mark"
44159,2020-04-26,28182,4,1,NULL
44160,2020-04-26,28186,1,1,NULL
44161,2020-04-27,13772,10,1,"United Kingdom Pound"
44162,2020-04-27,28185,4,1,NULL
44163,2020-04-27,28193,4,1,NULL
44164,2020-04-27,28088,4,1,NULL
44165,2020-04-27,17065,9,1,"Australian Dollar"
44166,2020-04-27,14581,1,1,NULL
44167,2020-04-27,17308,9,1,"Australian Dollar"
44168,2020-04-28,12211,7,1,"French Franc"
44169,2020-04-28,28179,1,1,NULL
44170,2020-04-28,28183,4,1,NULL
44171,2020-04-28,28112,4,1,NULL
44172,2020-04-28,14584,4,1,NULL
44173,2020-04-29,13784,10,1,"United Kingdom Pound"
44174,2020-04-29,17229,9,1,"Australian Dollar"
44175,2020-04-29,17246,9,1,"Australian Dollar"
44176,2020-04-30,12220,7,1,"French Franc"
44177,2020-04-30,11337,10,1,"United Kingdom Pound"
44178,2020-04-30,28097,4,1,NULL
44179,2020-04-30,25888,1,1,NULL
44180,2020-04-30,11058,9,1,"Australian Dollar"
44181,2020-04-30,17294,9,1,"Australian Dollar"
44182,2020-04-30,17299,9,1,"Australian Dollar"
44183,2020-05-01,28158,4,1,NULL
44184,2020-05-01,17247,9,1,"Australian Dollar"
44185,2020-05-01,17280,9,1,"Australian Dollar"
44186,2020-05-03,25889,4,1,NULL
44187,2020-05-03,17069,9,1,"Australian Dollar"
44188,2020-05-04,20052,10,1,"United Kingdom Pound"
44189,2020-05-04,20054,10,1,"United Kingdom Pound"
44190,2020-05-04,11061,9,1,"Australian Dollar"
44191,2020-05-04,17248,9,1,"Australian Dollar"
44192,2020-05-05,13570,8,1,"Deutsche Mark"
44193,2020-05-05,28164,4,1,NULL
44194,2020-05-05,17064,9,1,"Australian Dollar"
44195,2020-05-05,17249,9,1,"Australian Dollar"
44196,2020-05-05,17295,9,1,"Australian Dollar"
44197,2020-05-06,28096,4,1,NULL
44198,2020-05-06,28150,4,1,NULL
44199,2020-05-06,17259,9,1,"Australian Dollar"
44200,2020-05-06,17312,9,1,"Australian Dollar"
44201,2020-05-07,12254,7,1,"French Franc"
44202,2020-05-07,28159,4,1,NULL
44203,2020-05-07,28149,4,1,NULL
44204,2020-05-07,14580,4,1,NULL
44205,2020-05-07,17285,9,1,"Australian Dollar"
44206,2020-05-08,11250,10,1,"United Kingdom Pound"
44207,2020-05-08,28162,4,1,NULL
44208,2020-05-08,25879,4,1,NULL
44209,2020-05-08,17257,9,1,"Australian Dollar"
44210,2020-05-09,13783,10,1,"United Kingdom Pound"
44211,2020-05-09,28154,4,1,NULL
44212,2020-05-09,28170,4,1,NULL
44213,2020-05-09,17351,9,1,"Australian Dollar"
44214,2020-05-09,17332,9,1,"Australian Dollar"
44215,2020-05-10,28180,1,1,NULL
44216,2020-05-10,13560,8,1,"Deutsche Mark"
44217,2020-05-10,28148,1,1,NULL
44218,2020-05-10,22109,6,1,"Canadian Dollar"
44219,2020-05-10,14590,4,1,NULL
44220,2020-05-10,11060,9,1,"Australian Dollar"
44221,2020-05-10,17255,9,1,"Australian Dollar"
44222,2020-05-10,17258,9,1,"Australian Dollar"
44223,2020-05-11,13847,10,1,"United Kingdom Pound"
44224,2020-05-11,28166,4,1,NULL
44225,2020-05-12,20060,10,1,"United Kingdom Pound"
44226,2020-05-12,12255,7,1,"French Franc"
44227,2020-05-12,28401,7,1,"French Franc"
44228,2020-05-12,11333,10,1,"United Kingdom Pound"
44229,2020-05-12,25886,1,1,NULL
44230,2020-05-12,17241,9,1,"Australian Dollar"
44231,2020-05-12,17973,7,1,"French Franc"
44232,2020-05-12,17334,9,1,"Australian Dollar"
44233,2020-05-13,13841,10,1,"United Kingdom Pound"
44234,2020-05-13,28184,4,1,NULL
44235,2020-05-13,22117,6,1,"Canadian Dollar"
44236,2020-05-13,28191,1,1,NULL
44237,2020-05-13,17056,9,1,"Australian Dollar"
44238,2020-05-13,17079,9,1,"Australian Dollar"
44239,2020-05-14,12217,7,1,"French Franc"
44240,2020-05-14,13580,8,1,"Deutsche Mark"
44241,2020-05-14,28155,4,1,NULL
44242,2020-05-14,28163,1,1,NULL
44243,2020-05-14,17278,9,1,"Australian Dollar"
44244,2020-05-14,17329,9,1,"Australian Dollar"
44245,2020-05-14,25556,9,1,"Australian Dollar"
44246,2020-05-15,12219,7,1,"French Franc"
44247,2020-05-15,17233,9,1,"Australian Dollar"
44248,2020-05-15,17240,9,1,"Australian Dollar"
44249,2020-05-16,13845,10,1,"United Kingdom Pound"
44250,2020-05-16,28167,4,1,NULL
44251,2020-05-16,28190,4,1,NULL
44252,2020-05-17,13777,10,1,"United Kingdom Pound"
44253,2020-05-17,28099,4,1,NULL
44254,2020-05-17,28142,1,1,NULL
44255,2020-05-17,14585,4,1,NULL
44256,2020-05-17,17232,9,1,"Australian Dollar"
44257,2020-05-18,12212,7,1,"French Franc"
44258,2020-05-18,13579,8,1,"Deutsche Mark"
44259,2020-05-18,28171,1,1,NULL
44260,2020-05-18,28194,1,1,NULL
44261,2020-05-18,22112,6,1,"Canadian Dollar"
44262,2020-05-18,20149,10,1,"United Kingdom Pound"
44263,2020-05-18,17279,9,1,"Australian Dollar"
44264,2020-05-18,17286,9,1,"Australian Dollar"
44265,2020-05-18,25557,9,1,"Australian Dollar"
44266,2020-05-18,25559,9,1,"Australian Dollar"
44267,2020-05-19,19339,8,1,"Deutsche Mark"
44268,2020-05-19,13820,10,1,"United Kingdom Pound"
44269,2020-05-20,14589,4,1,NULL
44270,2020-05-21,13794,10,1,"United Kingdom Pound"
44271,2020-05-21,13846,10,1,"United Kingdom Pound"
44272,2020-05-21,12256,7,1,"French Franc"
44273,2020-05-21,28147,4,1,NULL
44274,2020-05-21,28152,4,1,NULL
44275,2020-05-21,17256,9,1,"Australian Dollar"
44276,2020-05-21,17277,9,1,"Australian Dollar"
44277,2020-05-21,17288,9,1,"Australian Dollar"
44278,2020-05-21,17293,9,1,"Australian Dollar"
44279,2020-05-21,17326,9,1,"Australian Dollar"
44280,2020-05-22,19886,2,0,NULL
44281,2020-05-22,19565,4,0,NULL
44282,2020-05-22,19734,6,0,"Canadian Dollar"
44283,2020-05-22,19994,6,0,"Canadian Dollar"
44284,2020-05-22,19580,1,0,NULL
44285,2020-05-22,19898,1,0,NULL
44286,2020-05-22,20052,4,0,NULL
44287,2020-05-22,19974,3,0,NULL
44288,2020-05-22,19614,6,0,"Canadian Dollar"
44289,2020-05-22,19566,3,0,NULL
44290,2020-05-22,19682,4,0,NULL
44291,2020-05-22,19747,1,0,NULL
44292,2020-05-22,19973,3,0,NULL
44293,2020-05-22,19844,2,0,NULL
44294,2020-05-22,20067,6,0,"Canadian Dollar"
44295,2020-05-22,19596,6,0,"Canadian Dollar"
44296,2020-05-22,19827,3,0,NULL
44297,2020-05-22,19811,5,0,NULL
44298,2020-05-22,19824,6,0,"Canadian Dollar"
44299,2020-05-22,19889,4,0,NULL
44300,2020-05-22,19761,6,0,"Canadian Dollar"
44301,2020-05-22,19489,4,0,NULL
44302,2020-05-22,19849,5,0,NULL
44303,2020-05-22,20096,2,0,NULL
44304,2020-05-22,19958,5,0,NULL
44305,2020-05-22,19825,5,0,NULL
44306,2020-05-22,19661,5,0,NULL
44307,2020-05-22,19759,2,0,NULL
44308,2020-05-22,19497,1,0,NULL
44309,2020-05-22,19912,5,0,NULL
44310,2020-05-22,20084,5,0,NULL
44311,2020-05-22,19610,2,0,NULL
44312,2020-05-22,19606,1,0,NULL
44313,2020-05-22,19718,2,0,NULL
44314,2020-05-22,19646,4,0,NULL
44315,2020-05-22,19570,4,0,NULL
44316,2020-05-22,19533,3,0,NULL
44317,2020-05-22,19992,4,0,NULL
44318,2020-05-22,19491,5,0,NULL
44319,2020-05-22,19549,5,0,NULL
44320,2020-05-22,14429,10,1,"United Kingdom Pound"
44321,2020-05-22,28222,1,1,NULL
44322,2020-05-22,17975,7,1,"French Franc"
44323,2020-05-22,11072,9,1,"Australian Dollar"
44324,2020-05-23,12267,7,1,"French Franc"
44325,2020-05-23,11095,9,1,"Australian Dollar"
44326,2020-05-23,17728,9,1,"Australian Dollar"
44327,2020-05-24,28598,4,1,NULL
44328,2020-05-24,17921,9,1,"Australian Dollar"
44329,2020-05-24,17904,9,1,"Australian Dollar"
44330,2020-05-24,28199,4,1,NULL
44331,2020-05-25,28257,1,1,NULL
44332,2020-05-25,17510,9,1,"Australian Dollar"
44333,2020-05-26,11343,10,1,"United Kingdom Pound"
44334,2020-05-26,28273,4,1,NULL
44335,2020-05-26,20165,10,1,"United Kingdom Pound"
44336,2020-05-26,25895,1,1,NULL
44337,2020-05-26,11097,9,1,"Australian Dollar"
44338,2020-05-26,18188,9,1,"Australian Dollar"
44339,2020-05-26,18189,9,1,"Australian Dollar"
44340,2020-05-26,17354,9,1,"Australian Dollar"
44341,2020-05-27,25905,4,1,NULL
44342,2020-05-27,14610,1,1,NULL
44343,2020-05-27,17920,9,1,"Australian Dollar"
44344,2020-05-28,14427,10,1,"United Kingdom Pound"
44345,2020-05-28,28200,4,1,NULL
44346,2020-05-28,14602,4,1,NULL
44347,2020-05-28,17911,9,1,"Australian Dollar"
44348,2020-05-29,14159,10,1,"United Kingdom Pound"
44349,2020-05-29,28243,4,1,NULL
44350,2020-05-29,28244,4,1,NULL
44351,2020-05-29,28271,4,1,NULL
44352,2020-05-29,28297,1,1,NULL
44353,2020-05-29,14591,4,1,NULL
44354,2020-05-29,14603,4,1,NULL
44355,2020-05-29,11093,9,1,"Australian Dollar"
44356,2020-05-29,11099,9,1,"Australian Dollar"
44357,2020-05-29,17511,9,1,"Australian Dollar"
44358,2020-05-29,17732,9,1,"Australian Dollar"
44359,2020-05-30,14525,10,1,"United Kingdom Pound"
44360,2020-05-30,14158,10,1,"United Kingdom Pound"
44361,2020-05-30,13686,8,1,"Deutsche Mark"
44362,2020-05-30,28259,4,1,NULL
44363,2020-05-30,28285,1,1,NULL
44364,2020-05-30,11092,9,1,"Australian Dollar"
44365,2020-05-30,17912,9,1,"Australian Dollar"
44366,2020-05-30,17502,9,1,"Australian Dollar"
44367,2020-05-30,25562,9,1,"Australian Dollar"
44368,2020-05-31,14150,10,1,"United Kingdom Pound"
44369,2020-05-31,28250,4,1,NULL
44370,2020-05-31,18193,9,1,"Australian Dollar"
44371,2020-05-31,17514,9,1,"Australian Dollar"
44372,2020-05-31,17736,9,1,"Australian Dollar"
44373,2020-06-01,13767,8,1,"Deutsche Mark"
44374,2020-06-01,14157,10,1,"United Kingdom Pound"
44375,2020-06-01,14183,10,1,"United Kingdom Pound"
44376,2020-06-01,29399,8,1,"Deutsche Mark"
44377,2020-06-01,28234,4,1,NULL
44378,2020-06-01,25903,1,1,NULL
44379,2020-06-01,11080,9,1,"Australian Dollar"
44380,2020-06-01,17915,9,1,"Australian Dollar"
44381,2020-06-02,14191,10,1,"United Kingdom Pound"
44382,2020-06-02,11341,10,1,"United Kingdom Pound"
44383,2020-06-02,28268,4,1,NULL
44384,2020-06-02,28296,4,1,NULL
44385,2020-06-02,28298,4,1,NULL
44386,2020-06-02,28587,4,1,NULL
44387,2020-06-02,11096,9,1,"Australian Dollar"
44388,2020-06-02,17924,9,1,"Australian Dollar"
44389,2020-06-02,17925,9,1,"Australian Dollar"
44390,2020-06-02,17353,9,1,"Australian Dollar"
44391,2020-06-02,17730,9,1,"Australian Dollar"
44392,2020-06-02,17910,9,1,"Australian Dollar"
44393,2020-06-03,29398,8,1,"Deutsche Mark"
44394,2020-06-03,28246,1,1,NULL
44395,2020-06-03,28339,1,1,NULL
44396,2020-06-03,25901,4,1,NULL
44397,2020-06-03,14596,4,1,NULL
44398,2020-06-03,17733,9,1,"Australian Dollar"
44399,2020-06-04,28240,1,1,NULL
44400,2020-06-04,28588,4,1,NULL
44401,2020-06-04,17515,9,1,"Australian Dollar"
44402,2020-06-05,13666,8,1,"Deutsche Mark"
44403,2020-06-05,19844,6,1,"Canadian Dollar"
44404,2020-06-06,28221,4,1,NULL
44405,2020-06-06,28224,4,1,NULL
44406,2020-06-06,28299,4,1,NULL
44407,2020-06-06,11077,9,1,"Australian Dollar"
44408,2020-06-06,11103,9,1,"Australian Dollar"
44409,2020-06-06,25563,9,1,"Australian Dollar"
44410,2020-06-07,28223,4,1,NULL
44411,2020-06-07,28584,4,1,NULL
44412,2020-06-07,11100,9,1,"Australian Dollar"
44413,2020-06-08,13606,8,1,"Deutsche Mark"
44414,2020-06-08,28340,4,1,NULL
44415,2020-06-08,28355,4,1,NULL
44416,2020-06-08,11069,9,1,"Australian Dollar"
44417,2020-06-08,17917,9,1,"Australian Dollar"
44418,2020-06-08,17919,9,1,"Australian Dollar"
44419,2020-06-08,17352,9,1,"Australian Dollar"
44420,2020-06-08,17512,9,1,"Australian Dollar"
44421,2020-06-09,13607,8,1,"Deutsche Mark"
44422,2020-06-09,19353,8,1,"Deutsche Mark"
44423,2020-06-09,28586,4,1,NULL
44424,2020-06-09,17916,9,1,"Australian Dollar"
44425,2020-06-09,17504,9,1,"Australian Dollar"
44426,2020-06-10,13770,8,1,"Deutsche Mark"
44427,2020-06-10,14146,10,1,"United Kingdom Pound"
44428,2020-06-10,28362,4,1,NULL
44429,2020-06-10,28583,1,1,NULL
44430,2020-06-10,17927,9,1,"Australian Dollar"
44431,2020-06-10,17725,9,1,"Australian Dollar"
44432,2020-06-11,14165,10,1,"United Kingdom Pound"
44433,2020-06-11,28270,1,1,NULL
44434,2020-06-11,28580,4,1,NULL
44435,2020-06-12,28573,1,1,NULL
44436,2020-06-12,26630,6,1,"Canadian Dollar"
44437,2020-06-12,11076,9,1,"Australian Dollar"
44438,2020-06-12,17909,9,1,"Australian Dollar"
44439,2020-06-13,14195,10,1,"United Kingdom Pound"
44440,2020-06-13,12261,7,1,"French Franc"
44441,2020-06-13,22118,6,1,"Canadian Dollar"
44442,2020-06-13,14599,1,1,NULL
44443,2020-06-13,17370,9,1,"Australian Dollar"
44444,2020-06-15,13697,8,1,"Deutsche Mark"
44445,2020-06-16,17478,9,1,"Australian Dollar"
44446,2020-06-16,17914,9,1,"Australian Dollar"
44447,2020-06-17,12265,7,1,"French Franc"
44448,2020-06-17,28264,1,1,NULL
44449,2020-06-17,28293,4,1,NULL
44450,2020-06-17,28294,4,1,NULL
44451,2020-06-17,28295,1,1,NULL
44452,2020-06-17,20164,10,1,"United Kingdom Pound"
44453,2020-06-17,17923,9,1,"Australian Dollar"
44454,2020-06-17,17926,9,1,"Australian Dollar"
44455,2020-06-17,17513,9,1,"Australian Dollar"
44456,2020-06-17,25560,9,1,"Australian Dollar"
44457,2020-06-18,28196,1,1,NULL
44458,2020-06-18,28247,1,1,NULL
44459,2020-06-18,28288,4,1,NULL
44460,2020-06-18,20150,10,1,"United Kingdom Pound"
44461,2020-06-18,17918,9,1,"Australian Dollar"
44462,2020-06-19,14155,10,1,"United Kingdom Pound"
44463,2020-06-19,19340,8,1,"Deutsche Mark"
44464,2020-06-19,22120,6,1,"Canadian Dollar"
44465,2020-06-19,14613,1,1,NULL
44466,2020-06-19,26640,6,1,"Canadian Dollar"
44467,2020-06-19,11070,9,1,"Australian Dollar"
44468,2020-06-19,11075,9,1,"Australian Dollar"
44469,2020-06-19,17734,9,1,"Australian Dollar"
44470,2020-06-19,17735,9,1,"Australian Dollar"
44471,2020-06-19,25561,9,1,"Australian Dollar"
44472,2020-06-20,13685,8,1,"Deutsche Mark"
44473,2020-06-20,28255,1,1,NULL
44474,2020-06-20,14601,4,1,NULL
44475,2020-06-20,11101,9,1,"Australian Dollar"
44476,2020-06-20,17913,9,1,"Australian Dollar"
44477,2020-06-20,17922,9,1,"Australian Dollar"
44478,2020-06-20,17726,9,1,"Australian Dollar"
44479,2020-06-21,29391,8,1,"Deutsche Mark"
44480,2020-06-21,25891,4,1,NULL
44481,2020-06-22,19757,4,0,NULL
44482,2020-06-22,19668,3,0,NULL
44483,2020-06-22,19611,1,0,NULL
44484,2020-06-22,19620,6,0,"Canadian Dollar"
44485,2020-06-22,20058,6,0,"Canadian Dollar"
44486,2020-06-22,19548,6,0,"Canadian Dollar"
44487,2020-06-22,19955,3,0,NULL
44488,2020-06-22,19888,5,0,NULL
44489,2020-06-22,19717,1,0,NULL
44490,2020-06-22,19539,6,0,"Canadian Dollar"
44491,2020-06-22,19555,2,0,NULL
44492,2020-06-22,19818,1,0,NULL
44493,2020-06-22,20011,5,0,NULL
44494,2020-06-22,19509,2,0,NULL
44495,2020-06-22,19813,6,0,"Canadian Dollar"
44496,2020-06-22,19892,6,0,"Canadian Dollar"
44497,2020-06-22,19988,6,0,"Canadian Dollar"
44498,2020-06-22,19946,6,0,"Canadian Dollar"
44499,2020-06-22,19680,6,0,"Canadian Dollar"
44500,2020-06-22,19865,4,0,NULL
44501,2020-06-22,19773,1,0,NULL
44502,2020-06-22,19961,2,0,NULL
44503,2020-06-22,19554,3,0,NULL
44504,2020-06-22,20074,6,0,"Canadian Dollar"
44505,2020-06-22,20056,4,0,NULL
44506,2020-06-22,19749,5,0,NULL
44507,2020-06-22,19945,5,0,NULL
44508,2020-06-22,19764,4,0,NULL
44509,2020-06-22,20117,4,0,NULL
44510,2020-06-22,19728,1,0,NULL
44511,2020-06-22,19571,1,0,NULL
44512,2020-06-22,20042,6,0,"Canadian Dollar"
44513,2020-06-22,19582,1,0,NULL
44514,2020-06-22,20107,1,0,NULL
44515,2020-06-22,19675,2,0,NULL
44516,2020-06-22,19585,1,0,NULL
44517,2020-06-22,20076,3,0,NULL
44518,2020-06-22,19624,5,0,NULL
44519,2020-06-22,19569,3,0,NULL
44520,2020-06-22,19703,4,0,NULL
44521,2020-06-22,20100,4,0,NULL
44522,2020-06-22,20091,2,0,NULL
44523,2020-06-22,19925,1,0,NULL
44524,2020-06-22,19664,2,0,NULL
44525,2020-06-22,19510,6,0,"Canadian Dollar"
44526,2020-06-22,19789,6,0,"Canadian Dollar"
44527,2020-06-22,19558,6,0,"Canadian Dollar"
44528,2020-06-22,20111,3,0,NULL
44529,2020-06-22,20010,6,0,"Canadian Dollar"
44530,2020-06-22,19861,3,0,NULL
44531,2020-06-22,19724,2,0,NULL
44532,2020-06-22,19493,5,0,NULL
44533,2020-06-22,19698,6,0,"Canadian Dollar"
44534,2020-06-22,19515,6,0,"Canadian Dollar"
44535,2020-06-22,19794,6,0,"Canadian Dollar"
44536,2020-06-22,19583,3,0,NULL
44537,2020-06-22,19541,6,0,"Canadian Dollar"
44538,2020-06-22,19716,4,0,NULL
44539,2020-06-22,19830,6,0,"Canadian Dollar"
44540,2020-06-22,19742,1,0,NULL
44541,2020-06-22,20004,1,0,NULL
44542,2020-06-22,19807,6,0,"Canadian Dollar"
44543,2020-06-22,19930,3,0,NULL
44544,2020-06-22,19522,4,0,NULL
44545,2020-06-22,19866,4,0,NULL
44546,2020-06-22,20022,4,0,NULL
44547,2020-06-22,19705,6,0,"Canadian Dollar"
44548,2020-06-22,20012,4,0,NULL
44549,2020-06-22,19880,5,0,NULL
44550,2020-06-22,19906,3,0,NULL
44551,2020-06-22,19901,4,0,NULL
44552,2020-06-22,19507,5,0,NULL
44553,2020-06-22,19968,5,0,NULL
44554,2020-06-22,19588,1,0,NULL
44555,2020-06-22,19846,5,0,NULL
44556,2020-06-22,19523,4,0,NULL
44557,2020-06-22,20095,4,0,NULL
44558,2020-06-22,19731,2,0,NULL
44559,2020-06-22,19791,2,0,NULL
44560,2020-06-22,19785,6,0,"Canadian Dollar"
44561,2020-06-22,19787,1,0,NULL
44562,2020-06-22,19963,5,0,NULL
44563,2020-06-22,19617,1,0,NULL
44564,2020-06-22,19853,4,0,NULL
44565,2020-06-22,19756,5,0,NULL
44566,2020-06-22,19774,4,0,NULL
44567,2020-06-22,19521,1,0,NULL
44568,2020-06-22,19688,3,0,NULL
44569,2020-06-22,19511,3,0,NULL
44570,2020-06-22,19885,1,0,NULL
44571,2020-06-22,29448,8,1,"Deutsche Mark"
44572,2020-06-22,28664,1,1,NULL
44573,2020-06-22,25917,4,1,NULL
44574,2020-06-22,11107,9,1,"Australian Dollar"
44575,2020-06-22,11110,9,1,"Australian Dollar"
44576,2020-06-22,28660,1,1,NULL
44577,2020-06-23,28667,1,1,NULL
44578,2020-06-23,28653,4,1,NULL
44579,2020-06-23,28662,4,1,NULL
44580,2020-06-24,13782,8,1,"Deutsche Mark"
44581,2020-06-24,11108,9,1,"Australian Dollar"
44582,2020-06-24,11134,9,1,"Australian Dollar"
44583,2020-06-24,18210,9,1,"Australian Dollar"
44584,2020-06-25,28671,1,1,NULL
44585,2020-06-25,28790,1,1,NULL
44586,2020-06-25,28794,1,1,NULL
44587,2020-06-25,28627,4,1,NULL
44588,2020-06-25,26683,6,1,"Canadian Dollar"
44589,2020-06-25,11104,9,1,"Australian Dollar"
44590,2020-06-26,13795,8,1,"Deutsche Mark"
44591,2020-06-26,17987,7,1,"French Franc"
44592,2020-06-26,28761,4,1,NULL
44593,2020-06-26,28645,4,1,NULL
44594,2020-06-26,18250,9,1,"Australian Dollar"
44595,2020-06-26,11124,9,1,"Australian Dollar"
44596,2020-06-26,18238,9,1,"Australian Dollar"
44597,2020-06-27,12290,7,1,"French Franc"
44598,2020-06-27,29400,8,1,"Deutsche Mark"
44599,2020-06-27,28792,1,1,NULL
44600,2020-06-27,18243,9,1,"Australian Dollar"
44601,2020-06-27,11117,9,1,"Australian Dollar"
44602,2020-06-28,14702,10,1,"United Kingdom Pound"
44603,2020-06-28,20167,10,1,"United Kingdom Pound"
44604,2020-06-28,19364,8,1,"Deutsche Mark"
44605,2020-06-28,28672,4,1,NULL
44606,2020-06-28,28772,1,1,NULL
44607,2020-06-28,28774,4,1,NULL
44608,2020-06-28,18200,9,1,"Australian Dollar"
44609,2020-06-28,18220,9,1,"Australian Dollar"
44610,2020-06-28,18241,9,1,"Australian Dollar"
44611,2020-06-29,13778,8,1,"Deutsche Mark"
44612,2020-06-29,28675,4,1,NULL
44613,2020-06-29,28628,1,1,NULL
44614,2020-06-29,28650,4,1,NULL
44615,2020-06-29,28654,1,1,NULL
44616,2020-06-29,28655,1,1,NULL
44617,2020-06-29,28666,1,1,NULL
44618,2020-06-29,18205,9,1,"Australian Dollar"
44619,2020-06-30,13789,8,1,"Deutsche Mark"
44620,2020-06-30,18204,9,1,"Australian Dollar"
44621,2020-06-30,18217,9,1,"Australian Dollar"
44622,2020-06-30,13771,8,1,"Deutsche Mark"
44623,2020-07-01,12301,7,1,"French Franc"
44624,2020-07-01,19357,8,1,"Deutsche Mark"
44625,2020-07-01,28658,4,1,NULL
44626,2020-07-01,18272,9,1,"Australian Dollar"
44627,2020-07-01,11109,9,1,"Australian Dollar"
44628,2020-07-01,11356,9,1,"Australian Dollar"
44629,2020-07-01,18209,9,1,"Australian Dollar"
44630,2020-07-02,28765,4,1,NULL
44631,2020-07-02,28629,4,1,NULL
44632,2020-07-02,18196,9,1,"Australian Dollar"
44633,2020-07-02,18203,9,1,"Australian Dollar"
44634,2020-07-02,18213,9,1,"Australian Dollar"
44635,2020-07-02,18218,9,1,"Australian Dollar"
44636,2020-07-03,14705,10,1,"United Kingdom Pound"
44637,2020-07-03,28644,1,1,NULL
44638,2020-07-03,28651,4,1,NULL
44639,2020-07-03,14617,1,1,NULL
44640,2020-07-03,18246,9,1,"Australian Dollar"
44641,2020-07-03,18255,9,1,"Australian Dollar"
44642,2020-07-03,25567,9,1,"Australian Dollar"
44643,2020-07-04,12280,7,1,"French Franc"
44644,2020-07-04,12279,7,1,"French Franc"
44645,2020-07-04,11344,10,1,"United Kingdom Pound"
44646,2020-07-04,29449,8,1,"Deutsche Mark"
44647,2020-07-04,28770,1,1,NULL
44648,2020-07-04,25916,4,1,NULL
44649,2020-07-04,25924,4,1,NULL
44650,2020-07-04,11147,9,1,"Australian Dollar"
44651,2020-07-05,14720,10,1,"United Kingdom Pound"
44652,2020-07-05,28407,7,1,"French Franc"
44653,2020-07-05,20170,10,1,"United Kingdom Pound"
44654,2020-07-05,28619,4,1,NULL
44655,2020-07-05,11105,9,1,"Australian Dollar"
44656,2020-07-05,18275,9,1,"Australian Dollar"
44657,2020-07-05,11120,9,1,"Australian Dollar"
44658,2020-07-05,18201,9,1,"Australian Dollar"
